{
  "images": [
    {
      "width": 899,
      "height": 650,
      "id": 0,
      "file_name": "images\\e8353919-dog_9.jpg"
    },
    {
      "width": 1500,
      "height": 1001,
      "id": 1,
      "file_name": "images\\1aa05b1d-dog_82.jpg"
    },
    {
      "width": 2000,
      "height": 1461,
      "id": 2,
      "file_name": "images\\fc4f6960-dog_84.jpg"
    },
    {
      "width": 1920,
      "height": 1080,
      "id": 3,
      "file_name": "images\\2097a708-dog_85.jpg"
    },
    {
      "width": 275,
      "height": 183,
      "id": 4,
      "file_name": "images\\8e5fc4e5-dog_86.jpg"
    },
    {
      "width": 2765,
      "height": 4096,
      "id": 5,
      "file_name": "images\\e035f213-dog_90.jpg"
    },
    {
      "width": 1200,
      "height": 756,
      "id": 6,
      "file_name": "images\\1c50e94e-dog_92.jpg"
    },
    {
      "width": 2304,
      "height": 3072,
      "id": 7,
      "file_name": "images\\af0a10ce-dog_93.jpg"
    },
    {
      "width": 228,
      "height": 221,
      "id": 8,
      "file_name": "images\\75d5bdb9-dog_97.jpg"
    },
    {
      "width": 1000,
      "height": 750,
      "id": 9,
      "file_name": "images\\9ba7fdeb-dog_98.jpg"
    },
    {
      "width": 275,
      "height": 183,
      "id": 10,
      "file_name": "images\\217aaf95-dog_99.jpg"
    },
    {
      "width": 1440,
      "height": 892,
      "id": 11,
      "file_name": "images\\8011c9a6-dog_7.jpg"
    },
    {
      "width": 1920,
      "height": 1080,
      "id": 12,
      "file_name": "images\\c4f3968a-dog_8.jpg"
    },
    {
      "width": 480,
      "height": 480,
      "id": 13,
      "file_name": "images\\9dc1f74e-dog_56.jpg"
    },
    {
      "width": 900,
      "height": 507,
      "id": 14,
      "file_name": "images\\5ddc7017-dog_57.jpg"
    },
    {
      "width": 1040,
      "height": 500,
      "id": 15,
      "file_name": "images\\cd41e004-dog_62.jpg"
    },
    {
      "width": 1000,
      "height": 1000,
      "id": 16,
      "file_name": "images\\bf27c5df-dog_67.jpg"
    },
    {
      "width": 1200,
      "height": 876,
      "id": 17,
      "file_name": "images\\1a9f76eb-dog_69.jpg"
    },
    {
      "width": 350,
      "height": 200,
      "id": 18,
      "file_name": "images\\a0406161-dog_70.jpg"
    },
    {
      "width": 264,
      "height": 191,
      "id": 19,
      "file_name": "images\\919c24de-dog_72.jpg"
    },
    {
      "width": 750,
      "height": 562,
      "id": 20,
      "file_name": "images\\657980ac-cat_9.jpg"
    },
    {
      "width": 1920,
      "height": 840,
      "id": 21,
      "file_name": "images\\c932a8dd-cat_67.jpg"
    },
    {
      "width": 275,
      "height": 183,
      "id": 22,
      "file_name": "images\\c80b23d4-cat_69.jpg"
    },
    {
      "width": 1920,
      "height": 1280,
      "id": 23,
      "file_name": "images\\39b16d99-cat_70.jpg"
    },
    {
      "width": 225,
      "height": 225,
      "id": 24,
      "file_name": "images\\b3f6a19e-cat_74.jpg"
    },
    {
      "width": 1024,
      "height": 427,
      "id": 25,
      "file_name": "images\\f13196b4-cat_75.jpg"
    },
    {
      "width": 2120,
      "height": 1415,
      "id": 26,
      "file_name": "images\\a43fafe6-cat_77.jpg"
    },
    {
      "width": 225,
      "height": 225,
      "id": 27,
      "file_name": "images\\251fe462-cat_78.jpg"
    },
    {
      "width": 2304,
      "height": 3072,
      "id": 28,
      "file_name": "images\\10cb717a-cat_80.jpg"
    },
    {
      "width": 1200,
      "height": 600,
      "id": 29,
      "file_name": "images\\ee73c756-cat_84.jpg"
    },
    {
      "width": 275,
      "height": 183,
      "id": 30,
      "file_name": "images\\bca0bb6d-cat_87.jpg"
    },
    {
      "width": 1366,
      "height": 480,
      "id": 31,
      "file_name": "images\\38bd054e-cat_93.jpg"
    },
    {
      "width": 1090,
      "height": 630,
      "id": 32,
      "file_name": "images\\7e23bdd6-cat_95.jpg"
    },
    {
      "width": 1136,
      "height": 852,
      "id": 33,
      "file_name": "images\\94002db9-cat_97.jpg"
    },
    {
      "width": 1200,
      "height": 675,
      "id": 34,
      "file_name": "images\\86062a0e-cat_98.jpg"
    },
    {
      "width": 199,
      "height": 253,
      "id": 35,
      "file_name": "images\\ff52c3ab-cat_6.jpg"
    },
    {
      "width": 1800,
      "height": 1800,
      "id": 36,
      "file_name": "images\\d100a0da-cat_58.jpg"
    },
    {
      "width": 1280,
      "height": 640,
      "id": 37,
      "file_name": "images\\3adb70b6-cat_59.jpg"
    },
    {
      "width": 1200,
      "height": 1602,
      "id": 38,
      "file_name": "images\\09fb95a2-cat_61.jpg"
    },
    {
      "width": 505,
      "height": 330,
      "id": 39,
      "file_name": "images\\40768df2-cat_64.jpg"
    }
  ],
  "categories": [
    {
      "id": 0,
      "name": "Cat"
    },
    {
      "id": 1,
      "name": "Dog"
    }
  ],
  "annotations": [
    {
      "id": 0,
      "image_id": 0,
      "category_id": 1,
      "segmentation": [],
      "bbox": [
        216.66666666666657,
        359.74842767295576,
        114.46540880503164,
        284.8008385744238
      ],
      "ignore": 0,
      "iscrowd": 0,
      "area": 32599.844415437245
    },
    {
      "id": 1,
      "image_id": 0,
      "category_id": 1,
      "segmentation": [],
      "bbox": [
        208.49056603773568,
        118.55345911949657,
        208.4905660377356,
        110.37735849056625
      ],
      "ignore": 0,
      "iscrowd": 0,
      "area": 23012.637949448217
    },
    {
      "id": 2,
      "image_id": 0,
      "category_id": 1,
      "segmentation": [],
      "bbox": [
        561.4255765199163,
        137.63102725366878,
        181.23689727463318,
        294.33962264150944
      ],
      "ignore": 0,
      "iscrowd": 0,
      "area": 53345.19995253354
    },
    {
      "id": 3,
      "image_id": 0,
      "category_id": 1,
      "segmentation": [],
      "bbox": [
        652.7253668763102,
        468.7631027253668,
        151.25786163522022,
        181.23689727463312
      ],
      "ignore": 0,
      "iscrowd": 0,
      "area": 27413.50553116308
    },
    {
      "id": 4,
      "image_id": 1,
      "category_id": 1,
      "segmentation": [],
      "bbox": [
        520.4360587002088,
        62.95597484276731,
        453.2830188679244,
        789.0482180293498
      ],
      "ignore": 0,
      "iscrowd": 0,
      "area": 357662.15830069984
    },
    {
      "id": 5,
      "image_id": 2,
      "category_id": 1,
      "segmentation": [],
      "bbox": [
        196.02515723270423,
        192.9622641509433,
        1292.5408805031445,
        1268.0377358490566
      ],
      "ignore": 0,
      "iscrowd": 0,
      "area": 1638990.6116055534
    },
    {
      "id": 6,
      "image_id": 3,
      "category_id": 1,
      "segmentation": [],
      "bbox": [
        136.42105263157896,
        22.736842105263158,
        434.5263157894736,
        947.3684210526314
      ],
      "ignore": 0,
      "iscrowd": 0,
      "area": 411656.5096952907
    },
    {
      "id": 7,
      "image_id": 3,
      "category_id": 1,
      "segmentation": [],
      "bbox": [
        560.8421052631579,
        469.89473684210526,
        272.8421052631579,
        502.7368421052632
      ],
      "ignore": 0,
      "iscrowd": 0,
      "area": 137167.77839335182
    },
    {
      "id": 8,
      "image_id": 3,
      "category_id": 1,
      "segmentation": [],
      "bbox": [
        846.3157894736842,
        416.84210526315786,
        378.9473684210527,
        568.421052631579
      ],
      "ignore": 0,
      "iscrowd": 0,
      "area": 215401.66204986154
    },
    {
      "id": 9,
      "image_id": 3,
      "category_id": 1,
      "segmentation": [],
      "bbox": [
        1237.8947368421052,
        156.6315789473684,
        411.7894736842105,
        858.9473684210527
      ],
      "ignore": 0,
      "iscrowd": 0,
      "area": 353705.48476454295
    },
    {
      "id": 10,
      "image_id": 4,
      "category_id": 1,
      "segmentation": [],
      "bbox": [
        71.74213836477986,
        7.289308176100629,
        189.52201257861634,
        163.8176100628931
      ],
      "ignore": 0,
      "iscrowd": 0,
      "area": 31047.043154938492
    },
    {
      "id": 11,
      "image_id": 5,
      "category_id": 1,
      "segmentation": [],
      "bbox": [
        1476.964360587002,
        532.3941299790356,
        1107.7232704402516,
        1519.8993710691823
      ],
      "ignore": 0,
      "iscrowd": 0,
      "area": 1683627.902060836
    },
    {
      "id": 12,
      "image_id": 6,
      "category_id": 1,
      "segmentation": [],
      "bbox": [
        22.520107238605895,
        3.2171581769436997,
        1080.965147453083,
        731.9034852546916
      ],
      "ignore": 0,
      "iscrowd": 0,
      "area": 791162.1588597632
    },
    {
      "id": 13,
      "image_id": 7,
      "category_id": 1,
      "segmentation": [],
      "bbox": [
        12.880503144654087,
        244.72955974842768,
        2291.119496855346,
        2814.3899371069183
      ],
      "ignore": 0,
      "iscrowd": 0,
      "area": 6448103.656659151
    },
    {
      "id": 14,
      "image_id": 8,
      "category_id": 1,
      "segmentation": [],
      "bbox": [
        41.23480083857443,
        19.92243186582809,
        148.25995807127885,
        157.98951781970655
      ],
      "ignore": 0,
      "iscrowd": 0,
      "area": 23423.519287651256
    },
    {
      "id": 15,
      "image_id": 9,
      "category_id": 1,
      "segmentation": [],
      "bbox": [
        141.50943396226415,
        88.0503144654088,
        680.8176100628931,
        630.503144654088
      ],
      "ignore": 0,
      "iscrowd": 0,
      "area": 429257.6440805348
    },
    {
      "id": 16,
      "image_id": 10,
      "category_id": 1,
      "segmentation": [],
      "bbox": [
        65.60377358490567,
        35.29559748427673,
        166.50314465408803,
        137.7295597484277
      ],
      "ignore": 0,
      "iscrowd": 0,
      "area": 22932.404809936317
    },
    {
      "id": 17,
      "image_id": 11,
      "category_id": 1,
      "segmentation": [],
      "bbox": [
        243.27272727272725,
        34.75324675324674,
        843.7316017316016,
        857.2467532467532
      ],
      "ignore": 0,
      "iscrowd": 0,
      "area": 723286.1761960981
    },
    {
      "id": 18,
      "image_id": 12,
      "category_id": 1,
      "segmentation": [],
      "bbox": [
        1000.421052631579,
        424.42105263157896,
        914.5263157894736,
        601.2631578947368
      ],
      "ignore": 0,
      "iscrowd": 0,
      "area": 549870.9806094182
    },
    {
      "id": 19,
      "image_id": 13,
      "category_id": 1,
      "segmentation": [],
      "bbox": [
        85.53459119496854,
        -3.4638958368304883e-15,
        250.566037735849,
        452.83018867924534
      ],
      "ignore": 0,
      "iscrowd": 0,
      "area": 113463.86614453541
    },
    {
      "id": 20,
      "image_id": 14,
      "category_id": 1,
      "segmentation": [],
      "bbox": [
        270.0841121495327,
        20.137850467289717,
        490.41588785046736,
        450.14018691588785
      ],
      "ignore": 0,
      "iscrowd": 0,
      "area": 220755.89942353047
    },
    {
      "id": 21,
      "image_id": 15,
      "category_id": 1,
      "segmentation": [],
      "bbox": [
        258.9041095890411,
        10.95890410958904,
        520.5479452054796,
        461.6438356164384
      ],
      "ignore": 0,
      "iscrowd": 0,
      "area": 240307.7500469132
    },
    {
      "id": 22,
      "image_id": 16,
      "category_id": 1,
      "segmentation": [],
      "bbox": [
        69.18238993710692,
        92.2431865828091,
        840.6708595387838,
        872.1174004192867
      ],
      "ignore": 0,
      "iscrowd": 0,
      "area": 733163.6846292114
    },
    {
      "id": 23,
      "image_id": 17,
      "category_id": 1,
      "segmentation": [],
      "bbox": [
        9.182389937106919,
        53.25786163522013,
        181.81132075471703,
        179.97484276729563
      ],
      "ignore": 0,
      "iscrowd": 0,
      "area": 32721.46386614455
    },
    {
      "id": 24,
      "image_id": 17,
      "category_id": 1,
      "segmentation": [],
      "bbox": [
        209.35849056603772,
        45.911949685534594,
        167.11949685534594,
        194.66666666666663
      ],
      "ignore": 0,
      "iscrowd": 0,
      "area": 32532.59538784067
    },
    {
      "id": 25,
      "image_id": 17,
      "category_id": 1,
      "segmentation": [],
      "bbox": [
        418.71698113207543,
        45.911949685534594,
        159.7735849056604,
        190.99371069182394
      ],
      "ignore": 0,
      "iscrowd": 0,
      "area": 30515.74985166727
    },
    {
      "id": 26,
      "image_id": 17,
      "category_id": 1,
      "segmentation": [],
      "bbox": [
        626.238993710692,
        47.748427672955984,
        146.91823899371067,
        185.48427672955975
      ],
      "ignore": 0,
      "iscrowd": 0,
      "area": 27251.02329812903
    },
    {
      "id": 27,
      "image_id": 17,
      "category_id": 1,
      "segmentation": [],
      "bbox": [
        808.0503144654089,
        56.9308176100629,
        185.48427672955972,
        174.4654088050315
      ],
      "ignore": 0,
      "iscrowd": 0,
      "area": 32360.59016652823
    },
    {
      "id": 28,
      "image_id": 17,
      "category_id": 1,
      "segmentation": [],
      "bbox": [
        11.018867924528301,
        648.2767295597486,
        189.15723270440253,
        183.64779874213832
      ],
      "ignore": 0,
      "iscrowd": 0,
      "area": 34738.309402317944
    },
    {
      "id": 29,
      "image_id": 17,
      "category_id": 1,
      "segmentation": [],
      "bbox": [
        214.86792452830193,
        648.2767295597486,
        172.62893081761004,
        189.15723270440253
      ],
      "ignore": 0,
      "iscrowd": 0,
      "area": 32654.010838178867
    },
    {
      "id": 30,
      "image_id": 17,
      "category_id": 1,
      "segmentation": [],
      "bbox": [
        413.2075471698114,
        639.0943396226415,
        157.93710691823892,
        176.30188679245293
      ],
      "ignore": 0,
      "iscrowd": 0,
      "area": 27844.609944226893
    },
    {
      "id": 31,
      "image_id": 17,
      "category_id": 1,
      "segmentation": [],
      "bbox": [
        607.8742138364781,
        648.2767295597486,
        179.9748427672956,
        172.62893081761
      ],
      "ignore": 0,
      "iscrowd": 0,
      "area": 31068.864680985713
    },
    {
      "id": 32,
      "image_id": 17,
      "category_id": 1,
      "segmentation": [],
      "bbox": [
        817.2327044025158,
        648.2767295597486,
        165.28301886792443,
        183.64779874213832
      ],
      "ignore": 0,
      "iscrowd": 0,
      "area": 30353.862584549635
    },
    {
      "id": 33,
      "image_id": 17,
      "category_id": 1,
      "segmentation": [],
      "bbox": [
        997.2075471698113,
        646.4402515723272,
        181.8113207547171,
        183.64779874213843
      ],
      "ignore": 0,
      "iscrowd": 0,
      "area": 33389.24884300466
    },
    {
      "id": 34,
      "image_id": 17,
      "category_id": 1,
      "segmentation": [],
      "bbox": [
        5.509433962264151,
        442.59119496855345,
        183.64779874213838,
        179.97484276729563
      ],
      "ignore": 0,
      "iscrowd": 0,
      "area": 33051.98370317631
    },
    {
      "id": 35,
      "image_id": 17,
      "category_id": 1,
      "segmentation": [],
      "bbox": [
        220.37735849056605,
        451.77358490566047,
        167.11949685534594,
        168.95597484276732
      ],
      "ignore": 0,
      "iscrowd": 0,
      "area": 28235.83750642776
    },
    {
      "id": 36,
      "image_id": 17,
      "category_id": 1,
      "segmentation": [],
      "bbox": [
        437.08176100628936,
        457.2830188679246,
        124.88050314465409,
        157.93710691823898
      ],
      "ignore": 0,
      "iscrowd": 0,
      "area": 19723.26537716071
    },
    {
      "id": 37,
      "image_id": 18,
      "category_id": 1,
      "segmentation": [],
      "bbox": [
        9.351145038167965,
        -6.958079785669183e-15,
        290.3307888040712,
        182.89382342467175
      ],
      "ignore": 0,
      "iscrowd": 0,
      "area": 53099.70802227746
    },
    {
      "id": 38,
      "image_id": 19,
      "category_id": 1,
      "segmentation": [],
      "bbox": [
        38.44025157232705,
        11.211740041928723,
        195.80503144654088,
        179.78825995807128
      ],
      "ignore": 0,
      "iscrowd": 0,
      "area": 35203.44589480901
    },
    {
      "id": 39,
      "image_id": 20,
      "category_id": 0,
      "segmentation": [],
      "bbox": [
        0.0,
        47.44920988902598,
        686.8888888888889,
        514.5507901109738
      ],
      "ignore": 0,
      "iscrowd": 0,
      "area": 353439.2204962267
    },
    {
      "id": 40,
      "image_id": 21,
      "category_id": 0,
      "segmentation": [],
      "bbox": [
        699.7894736842106,
        53.05263157894737,
        1220.2105263157894,
        758.5837338096218
      ],
      "ignore": 0,
      "iscrowd": 0,
      "area": 925631.8570864352
    },
    {
      "id": 41,
      "image_id": 22,
      "category_id": 0,
      "segmentation": [],
      "bbox": [
        19.949685534591197,
        22.251572327044023,
        169.18867924528303,
        135.42767295597486
      ],
      "ignore": 0,
      "iscrowd": 0,
      "area": 22912.82912068352
    },
    {
      "id": 42,
      "image_id": 23,
      "category_id": 0,
      "segmentation": [],
      "bbox": [
        593.0398322851153,
        187.84067085953882,
        1320.251572327044,
        1089.475890985325
      ],
      "ignore": 0,
      "iscrowd": 0,
      "area": 1438382.2580857824
    },
    {
      "id": 43,
      "image_id": 24,
      "category_id": 0,
      "segmentation": [],
      "bbox": [
        45.28301886792454,
        8.018867924528301,
        128.30188679245282,
        213.67924528301887
      ],
      "ignore": 0,
      "iscrowd": 0,
      "area": 27415.450338198647
    },
    {
      "id": 44,
      "image_id": 25,
      "category_id": 0,
      "segmentation": [],
      "bbox": [
        28.294736842105262,
        12.126315789473683,
        545.6842105263157,
        414.87368421052633
      ],
      "ignore": 0,
      "iscrowd": 0,
      "area": 226390.01883656508
    },
    {
      "id": 45,
      "image_id": 26,
      "category_id": 0,
      "segmentation": [],
      "bbox": [
        308.51153039832286,
        83.06079664570233,
        1293.3752620545076,
        1287.4423480083858
      ],
      "ignore": 0,
      "iscrowd": 0,
      "area": 1665146.0842354165
    },
    {
      "id": 46,
      "image_id": 27,
      "category_id": 0,
      "segmentation": [],
      "bbox": [
        16.9811320754717,
        3.30188679245283,
        197.64150943396223,
        221.69811320754718
      ],
      "ignore": 0,
      "iscrowd": 0,
      "area": 43816.74973300106
    },
    {
      "id": 47,
      "image_id": 28,
      "category_id": 0,
      "segmentation": [],
      "bbox": [
        0.0,
        27.51744300314466,
        2254.0880503144654,
        3031.602053852201
      ],
      "ignore": 0,
      "iscrowd": 0,
      "area": 6833497.962897037
    },
    {
      "id": 48,
      "image_id": 29,
      "category_id": 0,
      "segmentation": [],
      "bbox": [
        273.1578947368417,
        15.789473684210542,
        625.2631578947365,
        584.2105263157894
      ],
      "ignore": 0,
      "iscrowd": 0,
      "area": 365285.31855955656
    },
    {
      "id": 49,
      "image_id": 30,
      "category_id": 0,
      "segmentation": [],
      "bbox": [
        88.23899371069183,
        6.522012578616351,
        90.92452830188677,
        167.27044025157232
      ],
      "ignore": 0,
      "iscrowd": 0,
      "area": 15208.985878723148
    },
    {
      "id": 50,
      "image_id": 31,
      "category_id": 0,
      "segmentation": [],
      "bbox": [
        345.1685393258428,
        0.0,
        776.6292134831457,
        472.808988764045
      ],
      "ignore": 0,
      "iscrowd": 0,
      "area": 367197.27307158173
    },
    {
      "id": 51,
      "image_id": 32,
      "category_id": 0,
      "segmentation": [],
      "bbox": [
        0.0,
        0.0,
        691.3921113689096,
        624.1531322505799
      ],
      "ignore": 0,
      "iscrowd": 0,
      "area": 431534.5519242467
    },
    {
      "id": 52,
      "image_id": 33,
      "category_id": 0,
      "segmentation": [],
      "bbox": [
        158.9685534591195,
        5.10791409169542e-14,
        966.314465408805,
        810.9182389937107
      ],
      "ignore": 0,
      "iscrowd": 0,
      "area": 783602.0246034571
    },
    {
      "id": 53,
      "image_id": 34,
      "category_id": 0,
      "segmentation": [],
      "bbox": [
        0.0,
        0.0,
        1200.0,
        663.5885178415399
      ],
      "ignore": 0,
      "iscrowd": 0,
      "area": 796306.2214098478
    },
    {
      "id": 54,
      "image_id": 35,
      "category_id": 0,
      "segmentation": [],
      "bbox": [
        36.59748427672956,
        39.24947589098533,
        132.06918238993708,
        159.64989517819708
      ],
      "ignore": 0,
      "iscrowd": 0,
      "area": 21084.831124823646
    },
    {
      "id": 55,
      "image_id": 36,
      "category_id": 0,
      "segmentation": [],
      "bbox": [
        49.056603773584904,
        49.056603773584904,
        1701.8867924528302,
        1747.1698113207544
      ],
      "ignore": 0,
      "iscrowd": 0,
      "area": 2973485.226059095
    },
    {
      "id": 56,
      "image_id": 37,
      "category_id": 0,
      "segmentation": [],
      "bbox": [
        436.21052631578925,
        195.36842105263153,
        378.94736842105254,
        410.9473684210526
      ],
      "ignore": 0,
      "iscrowd": 0,
      "area": 155727.42382271463
    },
    {
      "id": 57,
      "image_id": 38,
      "category_id": 0,
      "segmentation": [],
      "bbox": [
        198.15094339622638,
        97.39622641509433,
        930.3018867924528,
        1437.4339622641512
      ],
      "ignore": 0,
      "iscrowd": 0,
      "area": 1337247.5272338912
    },
    {
      "id": 58,
      "image_id": 39,
      "category_id": 0,
      "segmentation": [],
      "bbox": [
        234.52830188679218,
        56.72955974842756,
        200.62893081760996,
        273.27044025157227
      ],
      "ignore": 0,
      "iscrowd": 0,
      "area": 54825.95625173051
    }
  ],
  "info": {
    "year": 2025,
    "version": "1.0",
    "description": "",
    "contributor": "Label Studio",
    "url": "",
    "date_created": "2025-01-10 02:42:42.601655"
  }
}